EXPRESSIONONVAR;Expression1000;"""""";0;0;"""""";"""""";1;"""""";"""gen_al""";s1.electro.TP_2.pva1_1;"""pm_al"""
EXPRESSIONONVAR;Expression1001;"""""";0;0;"""""";"""""";1;"""""";"""gen_al""";s1.electro.TP_2.pva1_10;"""pm_al"""
EXPRESSIONONVAR;Expression1002;"""""";0;0;"""""";"""""";1;"""""";"""gen_al""";s1.electro.TP_2.pva1_11;"""pm_al"""
EXPRESSIONONVAR;Expression1003;"""""";0;0;"""""";"""""";1;"""""";"""gen_al""";s1.electro.TP_2.pva1_12;"""pm_al"""
EXPRESSIONONVAR;Expression1004;"""""";0;0;"""""";"""""";1;"""""";"""gen_al""";s1.electro.TP_2.pva1_13;"""pm_al"""
EXPRESSIONONVAR;Expression1005;"""""";0;0;"""""";"""""";1;"""""";"""gen_al""";s1.electro.TP_2.pva1_14;"""pm_al"""
EXPRESSIONONVAR;Expression1006;"""""";0;0;"""""";"""""";1;"""""";"""gen_al""";s1.electro.TP_2.pva1_15;"""pm_al"""
EXPRESSIONONVAR;Expression1007;"""""";0;0;"""""";"""""";1;"""""";"""gen_al""";s1.electro.T1_T2.pva1_1;"""pm_al"""
EXPRESSIONONVAR;Expression1008;"""""";0;0;"""""";"""""";1;"""""";"""gen_al""";s1.electro.T3_T4.pva1_1;"""pm_al"""
EXPRESSIONONVAR;Expression1009;"""""";0;0;"""""";"""""";1;"""""";"""gen_al""";s1.electro.T5_T6.pva1_1;"""pm_al"""
EXPRESSIONONVAR;Expression1010;"""""";0;0;"""""";"""""";1;"""""";"""gen_al""";s1.electro.T7_T8.pva1_1;"""pm_al"""
EXPRESSIONONVAR;Expression1011;"""""";0;0;"""""";"""""";1;"""""";"""gen_al""";s1.electro.TP_3.pva1_1;"""pm_al"""
EXPRESSIONONVAR;Expression1012;"""""";0;0;"""""";"""""";1;"""""";"""gen_al""";s1.electro.TP_3.pva1_10;"""pm_al"""
EXPRESSIONONVAR;Expression1013;"""""";0;0;"""""";"""""";1;"""""";"""gen_al""";s1.electro.TP_3.pva1_11;"""pm_al"""
EXPRESSIONONVAR;Expression1014;"""""";0;0;"""""";"""""";1;"""""";"""gen_al""";s1.electro.TP_2.pva1_16;"""pm_al"""
EXPRESSIONONVAR;Expression1015;"""""";0;0;"""""";"""""";1;"""""";"""gen_al""";s1.electro.TP_2.pva1_17;"""pm_al"""
EXPRESSIONONVAR;Expression1016;"""""";0;0;"""""";"""""";1;"""""";"""gen_al""";s1.electro.TP_2.pva1_18;"""pm_al"""
EXPRESSIONONVAR;Expression1017;"""""";0;0;"""""";"""""";1;"""""";"""gen_al""";s1.electro.TP_2.pva1_19;"""pm_al"""
EXPRESSIONONVAR;Expression1018;"""""";0;0;"""""";"""""";1;"""""";"""gen_al""";s1.electro.TP_2.pva1_2;"""pm_al"""
EXPRESSIONONVAR;Expression1019;"""""";0;0;"""""";"""""";1;"""""";"""gen_al""";s1.electro.TP_2.pva1_20;"""pm_al"""
EXPRESSIONONVAR;Expression1020;"""""";0;0;"""""";"""""";1;"""""";"""gen_al""";s1.electro.TP_2.pva1_21;"""pm_al"""
EXPRESSIONONVAR;Expression1021;"""""";0;0;"""""";"""""";1;"""""";"""gen_al""";s1.electro.T1_T2.pva1_2;"""pm_al"""
EXPRESSIONONVAR;Expression1022;"""""";0;0;"""""";"""""";1;"""""";"""gen_al""";s1.electro.T1_T2.pva1_3;"""pm_al"""
EXPRESSIONONVAR;Expression1023;"""""";0;0;"""""";"""""";1;"""""";"""gen_al""";s1.electro.T3_T4.pva1_2;"""pm_al"""
EXPRESSIONONVAR;Expression1024;"""""";0;0;"""""";"""""";1;"""""";"""gen_al""";s1.electro.T5_T6.pva1_2;"""pm_al"""
EXPRESSIONONVAR;Expression1025;"""""";0;0;"""""";"""""";1;"""""";"""gen_al""";s1.electro.T7_T8.pva1_2;"""pm_al"""
EXPRESSIONONVAR;Expression1026;"""""";0;0;"""""";"""""";1;"""""";"""gen_al""";s1.electro.TP_3.pva1_12;"""pm_al"""
EXPRESSIONONVAR;Expression1027;"""""";0;0;"""""";"""""";1;"""""";"""gen_al""";s1.electro.TP_3.pva1_13;"""pm_al"""
EXPRESSIONONVAR;Expression1028;"""""";0;0;"""""";"""""";1;"""""";"""gen_al""";s1.electro.TP_3.pva1_2;"""pm_al"""
EXPRESSIONONVAR;Expression1029;"""""";0;0;"""""";"""""";1;"""""";"""gen_al""";s1.electro.TP_3.pva1_3;"""pm_al"""
EXPRESSIONONVAR;Expression1030;"""""";0;0;"""""";"""""";1;"""""";"""gen_al""";s1.electro.TP_2.pva1_3;"""pm_al"""
EXPRESSIONONVAR;Expression1031;"""""";0;0;"""""";"""""";1;"""""";"""gen_al""";s1.electro.TP_2.pva1_4;"""pm_al"""
EXPRESSIONONVAR;Expression1032;"""""";0;0;"""""";"""""";1;"""""";"""gen_al""";s1.electro.TP_2.pva1_5;"""pm_al"""
EXPRESSIONONVAR;Expression1033;"""""";0;0;"""""";"""""";1;"""""";"""gen_al""";s1.electro.TP_2.pva1_6;"""pm_al"""
EXPRESSIONONVAR;Expression1034;"""""";0;0;"""""";"""""";1;"""""";"""gen_al""";s1.electro.TP_2.pva1_7;"""pm_al"""
EXPRESSIONONVAR;Expression1035;"""""";0;0;"""""";"""""";1;"""""";"""gen_al""";s1.electro.TP_2.pva1_8;"""pm_al"""
EXPRESSIONONVAR;Expression1036;"""""";0;0;"""""";"""""";1;"""""";"""gen_al""";s1.electro.TP_2.pva1_9;"""pm_al"""
EXPRESSIONONVAR;Expression1037;"""""";0;0;"""""";"""""";1;"""""";"""gen_al""";s1.electro.T1_T2.pva1_4;"""pm_al"""
EXPRESSIONONVAR;Expression1038;"""""";0;0;"""""";"""""";1;"""""";"""gen_al""";s1.electro.T1_T2.pva1_5;"""pm_al"""
EXPRESSIONONVAR;Expression1039;"""""";0;0;"""""";"""""";1;"""""";"""gen_al""";s1.electro.T3_T4.pva1_3;"""pm_al"""
EXPRESSIONONVAR;Expression1040;"""""";0;0;"""""";"""""";1;"""""";"""gen_al""";s1.electro.T3_T4.pva1_4;"""pm_al"""
EXPRESSIONONVAR;Expression1041;"""""";0;0;"""""";"""""";1;"""""";"""gen_al""";s1.electro.T5_T6.pva1_3;"""pm_al"""
EXPRESSIONONVAR;Expression1042;"""""";0;0;"""""";"""""";1;"""""";"""gen_al""";s1.electro.T5_T6.pva1_4;"""pm_al"""
EXPRESSIONONVAR;Expression1043;"""""";0;0;"""""";"""""";1;"""""";"""gen_al""";s1.electro.T7_T8.pva1_3;"""pm_al"""
EXPRESSIONONVAR;Expression1044;"""""";0;0;"""""";"""""";1;"""""";"""gen_al""";s1.electro.T7_T8.pva1_4;"""pm_al"""
EXPRESSIONONVAR;Expression1045;"""""";0;0;"""""";"""""";1;"""""";"""gen_al""";s1.electro.TP_3.pva1_4;"""pm_al"""
EXPRESSIONONVAR;Expression1046;"""""";0;0;"""""";"""""";1;"""""";"""gen_al""";s1.electro.TP_3.pva1_5;"""pm_al"""
EXPRESSIONONVAR;Expression1047;"""""";0;0;"""""";"""""";1;"""""";"""gen_al""";s1.electro.TP_3.pva1_6;"""pm_al"""
EXPRESSIONONVAR;Expression1048;"""""";0;0;"""""";"""""";1;"""""";"""gen_al""";s1.electro.TP_3.pva1_7;"""pm_al"""
EXPRESSIONONVAR;Expression1049;"""""";0;0;"""""";"""""";1;"""""";"""gen_al""";s1.electro.TP_2.pva2_1;"""pm_al"""
EXPRESSIONONVAR;Expression1050;"""""";0;0;"""""";"""""";1;"""""";"""gen_al""";s1.electro.TP_2.pva2_10;"""pm_al"""
EXPRESSIONONVAR;Expression1051;"""""";0;0;"""""";"""""";1;"""""";"""gen_al""";s1.electro.TP_2.pva2_11;"""pm_al"""
EXPRESSIONONVAR;Expression1052;"""""";0;0;"""""";"""""";1;"""""";"""gen_al""";s1.electro.TP_2.pva2_12;"""pm_al"""
EXPRESSIONONVAR;Expression1053;"""""";0;0;"""""";"""""";1;"""""";"""gen_al""";s1.electro.TP_2.pva2_13;"""pm_al"""
EXPRESSIONONVAR;Expression1054;"""""";0;0;"""""";"""""";1;"""""";"""gen_al""";s1.electro.TP_2.pva2_14;"""pm_al"""
EXPRESSIONONVAR;Expression1055;"""""";0;0;"""""";"""""";1;"""""";"""gen_al""";s1.electro.TP_2.pva2_15;"""pm_al"""
EXPRESSIONONVAR;Expression1056;"""""";0;0;"""""";"""""";1;"""""";"""gen_al""";s1.electro.T1_T2.pva1_6;"""pm_al"""
EXPRESSIONONVAR;Expression1057;"""""";0;0;"""""";"""""";1;"""""";"""gen_al""";s1.electro.T3_T4.pva1_5;"""pm_al"""
EXPRESSIONONVAR;Expression1058;"""""";0;0;"""""";"""""";1;"""""";"""gen_al""";s1.electro.T5_T6.pva1_5;"""pm_al"""
EXPRESSIONONVAR;Expression1059;"""""";0;0;"""""";"""""";1;"""""";"""gen_al""";s1.electro.T7_T8.pva1_5;"""pm_al"""
EXPRESSIONONVAR;Expression1060;"""""";0;0;"""""";"""""";1;"""""";"""gen_al""";s1.electro.TP_3.pva1_8;"""pm_al"""
EXPRESSIONONVAR;Expression1061;"""""";0;0;"""""";"""""";1;"""""";"""gen_al""";s1.electro.TP_3.pva1_9;"""pm_al"""
EXPRESSIONONVAR;Expression1062;"""""";0;0;"""""";"""""";1;"""""";"""gen_al""";s1.electro.TP_3.pva2_1;"""pm_al"""
EXPRESSIONONVAR;Expression1063;"""""";0;0;"""""";"""""";1;"""""";"""gen_al""";s1.electro.TP_2.pva2_16;"""pm_al"""
EXPRESSIONONVAR;Expression1064;"""""";0;0;"""""";"""""";1;"""""";"""gen_al""";s1.electro.TP_2.pva2_17;"""pm_al"""
EXPRESSIONONVAR;Expression1065;"""""";0;0;"""""";"""""";1;"""""";"""gen_al""";s1.electro.TP_2.pva2_18;"""pm_al"""
EXPRESSIONONVAR;Expression1066;"""""";0;0;"""""";"""""";1;"""""";"""gen_al""";s1.electro.TP_2.pva2_19;"""pm_al"""
EXPRESSIONONVAR;Expression1067;"""""";0;0;"""""";"""""";1;"""""";"""gen_al""";s1.electro.TP_2.pva2_2;"""pm_al"""
EXPRESSIONONVAR;Expression1068;"""""";0;0;"""""";"""""";1;"""""";"""gen_al""";s1.electro.TP_2.pva2_20;"""pm_al"""
EXPRESSIONONVAR;Expression1069;"""""";0;0;"""""";"""""";1;"""""";"""gen_al""";s1.electro.TP_2.pva2_21;"""pm_al"""
EXPRESSIONONVAR;Expression1070;"""""";0;0;"""""";"""""";1;"""""";"""gen_al""";s1.electro.T1_T2.pva1_7;"""pm_al"""
EXPRESSIONONVAR;Expression1071;"""""";0;0;"""""";"""""";1;"""""";"""gen_al""";s1.electro.T1_T2.pva2_1;"""pm_al"""
EXPRESSIONONVAR;Expression1072;"""""";0;0;"""""";"""""";1;"""""";"""gen_al""";s1.electro.T3_T4.pva2_1;"""pm_al"""
EXPRESSIONONVAR;Expression1073;"""""";0;0;"""""";"""""";1;"""""";"""gen_al""";s1.electro.T3_T4.pva2_2;"""pm_al"""
EXPRESSIONONVAR;Expression1074;"""""";0;0;"""""";"""""";1;"""""";"""gen_al""";s1.electro.T5_T6.pva2_1;"""pm_al"""
EXPRESSIONONVAR;Expression1075;"""""";0;0;"""""";"""""";1;"""""";"""gen_al""";s1.electro.T5_T6.pva2_2;"""pm_al"""
EXPRESSIONONVAR;Expression1076;"""""";0;0;"""""";"""""";1;"""""";"""gen_al""";s1.electro.T7_T8.pva2_1;"""pm_al"""
EXPRESSIONONVAR;Expression1077;"""""";0;0;"""""";"""""";1;"""""";"""gen_al""";s1.electro.T7_T8.pva2_2;"""pm_al"""
EXPRESSIONONVAR;Expression1078;"""""";0;0;"""""";"""""";1;"""""";"""gen_al""";s1.electro.TP_3.pva2_10;"""pm_al"""
EXPRESSIONONVAR;Expression1079;"""""";0;0;"""""";"""""";1;"""""";"""gen_al""";s1.electro.TP_3.pva2_11;"""pm_al"""
EXPRESSIONONVAR;Expression1080;"""""";0;0;"""""";"""""";1;"""""";"""gen_al""";s1.electro.TP_3.pva2_12;"""pm_al"""
EXPRESSIONONVAR;Expression1081;"""""";0;0;"""""";"""""";1;"""""";"""gen_al""";s1.electro.TP_3.pva2_13;"""pm_al"""
EXPRESSIONONVAR;Expression1082;"""""";0;0;"""""";"""""";1;"""""";"""gen_al""";s1.electro.TP_2.pva2_22;"""pm_al"""
EXPRESSIONONVAR;Expression1083;"""""";0;0;"""""";"""""";1;"""""";"""gen_al""";s1.electro.TP_2.pva2_23;"""pm_al"""
EXPRESSIONONVAR;Expression1084;"""""";0;0;"""""";"""""";1;"""""";"""gen_al""";s1.electro.TP_2.pva2_24;"""pm_al"""
EXPRESSIONONVAR;Expression1085;"""""";0;0;"""""";"""""";1;"""""";"""gen_al""";s1.electro.TP_2.pva2_25;"""pm_al"""
EXPRESSIONONVAR;Expression1086;"""""";0;0;"""""";"""""";1;"""""";"""gen_al""";s1.electro.TP_2.pva2_26;"""pm_al"""
EXPRESSIONONVAR;Expression1087;"""""";0;0;"""""";"""""";1;"""""";"""gen_al""";s1.electro.TP_2.pva2_27;"""pm_al"""
EXPRESSIONONVAR;Expression1088;"""""";0;0;"""""";"""""";1;"""""";"""gen_al""";s1.electro.TP_2.pva2_28;"""pm_al"""
EXPRESSIONONVAR;Expression1089;"""""";0;0;"""""";"""""";1;"""""";"""gen_al""";s1.electro.T1_T2.pva2_2;"""pm_al"""
EXPRESSIONONVAR;Expression1090;"""""";0;0;"""""";"""""";1;"""""";"""gen_al""";s1.electro.T1_T2.pva2_3;"""pm_al"""
EXPRESSIONONVAR;Expression1091;"""""";0;0;"""""";"""""";1;"""""";"""gen_al""";s1.electro.T3_T4.pva2_3;"""pm_al"""
EXPRESSIONONVAR;Expression1092;"""""";0;0;"""""";"""""";1;"""""";"""gen_al""";s1.electro.T5_T6.pva2_3;"""pm_al"""
EXPRESSIONONVAR;Expression1093;"""""";0;0;"""""";"""""";1;"""""";"""gen_al""";s1.electro.T7_T8.pva2_3;"""pm_al"""
EXPRESSIONONVAR;Expression1094;"""""";0;0;"""""";"""""";1;"""""";"""gen_al""";s1.electro.TP_3.pva2_2;"""pm_al"""
EXPRESSIONONVAR;Expression1095;"""""";0;0;"""""";"""""";1;"""""";"""gen_al""";s1.electro.TP_3.pva2_3;"""pm_al"""
EXPRESSIONONVAR;Expression1096;"""""";0;0;"""""";"""""";1;"""""";"""gen_al""";s1.electro.TP_3.pva2_4;"""pm_al"""
EXPRESSIONONVAR;Expression1097;"""""";0;0;"""""";"""""";1;"""""";"""gen_al""";s1.electro.TP_3.pva2_5;"""pm_al"""
EXPRESSIONONVAR;Expression1098;"""""";0;0;"""""";"""""";1;"""""";"""gen_al""";s1.electro.TP_2.pva2_3;"""pm_al"""
EXPRESSIONONVAR;Expression1099;"""""";0;0;"""""";"""""";1;"""""";"""gen_al""";s1.electro.TP_2.pva2_4;"""pm_al"""
EXPRESSIONONVAR;Expression1100;"""""";0;0;"""""";"""""";1;"""""";"""gen_al""";s1.electro.TP_2.pva2_5;"""pm_al"""
EXPRESSIONONVAR;Expression1101;"""""";0;0;"""""";"""""";1;"""""";"""gen_al""";s1.electro.TP_2.pva2_6;"""pm_al"""
EXPRESSIONONVAR;Expression1102;"""""";0;0;"""""";"""""";1;"""""";"""gen_al""";s1.electro.TP_2.pva2_7;"""pm_al"""
EXPRESSIONONVAR;Expression1103;"""""";0;0;"""""";"""""";1;"""""";"""gen_al""";s1.electro.TP_2.pva2_8;"""pm_al"""
EXPRESSIONONVAR;Expression1104;"""""";0;0;"""""";"""""";1;"""""";"""gen_al""";s1.electro.TP_2.pva2_9;"""pm_al"""
EXPRESSIONONVAR;Expression1105;"""""";0;0;"""""";"""""";1;"""""";"""gen_al""";s1.electro.T1_T2.pva2_4;"""pm_al"""
EXPRESSIONONVAR;Expression1106;"""""";0;0;"""""";"""""";1;"""""";"""gen_al""";s1.electro.T3_T4.pva2_4;"""pm_al"""
EXPRESSIONONVAR;Expression1107;"""""";0;0;"""""";"""""";1;"""""";"""gen_al""";s1.electro.T3_T4.pva2_5;"""pm_al"""
EXPRESSIONONVAR;Expression1108;"""""";0;0;"""""";"""""";1;"""""";"""gen_al""";s1.electro.T1_T2.pva2_5;"""pm_al"""
EXPRESSIONONVAR;Expression1109;"""""";0;0;"""""";"""""";1;"""""";"""gen_al""";s1.electro.T5_T6.pva2_4;"""pm_al"""
EXPRESSIONONVAR;Expression1110;"""""";0;0;"""""";"""""";1;"""""";"""gen_al""";s1.electro.T5_T6.pva2_5;"""pm_al"""
EXPRESSIONONVAR;Expression1111;"""""";0;0;"""""";"""""";1;"""""";"""gen_al""";s1.electro.T7_T8.pva2_4;"""pm_al"""
EXPRESSIONONVAR;Expression1112;"""""";0;0;"""""";"""""";1;"""""";"""gen_al""";s1.electro.T7_T8.pva2_5;"""pm_al"""
EXPRESSIONONVAR;Expression1113;"""""";0;0;"""""";"""""";1;"""""";"""gen_al""";s1.electro.TP_3.pva2_6;"""pm_al"""
EXPRESSIONONVAR;Expression1114;"""""";0;0;"""""";"""""";1;"""""";"""gen_al""";s1.electro.TP_3.pva2_7;"""pm_al"""
EXPRESSIONONVAR;Expression1115;"""""";0;0;"""""";"""""";1;"""""";"""gen_al""";s1.electro.TP_3.pva2_8;"""pm_al"""
EXPRESSIONONVAR;Expression1116;"""""";0;0;"""""";"""""";1;"""""";"""gen_al""";s1.electro.TP_3.pva2_9;"""pm_al"""
